#filename,file_size,file_attributes,region_count,region_id,region_shape_attributes,region_attributes
New Mockup 21_3widgets.png,15857,"{}",3,0,"{""name"":""rect"",""x"":59,""y"":84,""width"":87,""height"":17}","{""widget_name"":""Checkbox""}"
New Mockup 21_3widgets.png,15857,"{}",3,1,"{""name"":""rect"",""x"":155,""y"":270,""width"":94,""height"":19}","{""widget_name"":""ComboBox""}"
New Mockup 21_3widgets.png,15857,"{}",3,2,"{""name"":""rect"",""x"":200,""y"":202,""width"":148,""height"":58}","{""widget_name"":""Button""}"
New Mockup 22_3widgets.png,15825,"{}",3,0,"{""name"":""rect"",""x"":33,""y"":634,""width"":92,""height"":24}","{""widget_name"":""Checkbox""}"
New Mockup 22_3widgets.png,15825,"{}",3,1,"{""name"":""rect"",""x"":106,""y"":607,""width"":91,""height"":30}","{""widget_name"":""ComboBox""}"
New Mockup 22_3widgets.png,15825,"{}",3,2,"{""name"":""rect"",""x"":202,""y"":200,""width"":143,""height"":64}","{""widget_name"":""Button""}"
New Mockup 23_3widgets.png,15782,"{}",3,0,"{""name"":""rect"",""x"":37,""y"":640,""width"":91,""height"":26}","{""widget_name"":""Checkbox""}"
New Mockup 23_3widgets.png,15782,"{}",3,1,"{""name"":""rect"",""x"":105,""y"":610,""width"":91,""height"":28}","{""widget_name"":""ComboBox""}"
New Mockup 23_3widgets.png,15782,"{}",3,2,"{""name"":""rect"",""x"":213,""y"":626,""width"":139,""height"":59}","{""widget_name"":""Button""}"
New Mockup 24_3widgets.png,15878,"{}",3,0,"{""name"":""rect"",""x"":291,""y"":537,""width"":85,""height"":19}","{""widget_name"":""Checkbox""}"
New Mockup 24_3widgets.png,15878,"{}",3,1,"{""name"":""rect"",""x"":284,""y"":594,""width"":101,""height"":26}","{""widget_name"":""ComboBox""}"
New Mockup 24_3widgets.png,15878,"{}",3,2,"{""name"":""rect"",""x"":206,""y"":626,""width"":153,""height"":63}","{""widget_name"":""Button""}"
New Mockup 25_3widgets.png,15897,"{}",3,0,"{""name"":""rect"",""x"":295,""y"":533,""width"":87,""height"":28}","{""widget_name"":""Checkbox""}"
New Mockup 25_3widgets.png,15897,"{}",3,1,"{""name"":""rect"",""x"":267,""y"":645,""width"":77,""height"":26}","{""widget_name"":""ComboBox""}"
New Mockup 25_3widgets.png,15897,"{}",3,2,"{""name"":""rect"",""x"":146,""y"":572,""width"":148,""height"":68}","{""widget_name"":""Button""}"
New Mockup 26_3widgets.png,15866,"{}",3,0,"{""name"":""rect"",""x"":291,""y"":537,""width"":87,""height"":19}","{""widget_name"":""Checkbox""}"
New Mockup 26_3widgets.png,15866,"{}",3,1,"{""name"":""rect"",""x"":270,""y"":640,""width"":94,""height"":30}","{""widget_name"":""ComboBox""}"
New Mockup 26_3widgets.png,15866,"{}",3,2,"{""name"":""rect"",""x"":239,""y"":225,""width"":157,""height"":66}","{""widget_name"":""Button""}"
New Mockup 27_3widgets.png,15815,"{}",3,0,"{""name"":""rect"",""x"":295,""y"":533,""width"":85,""height"":26}","{""widget_name"":""Checkbox""}"
New Mockup 27_3widgets.png,15815,"{}",3,1,"{""name"":""rect"",""x"":281,""y"":558,""width"":94,""height"":30}","{""widget_name"":""ComboBox""}"
New Mockup 27_3widgets.png,15815,"{}",3,2,"{""name"":""rect"",""x"":242,""y"":225,""width"":148,""height"":64}","{""widget_name"":""Button""}"
New Mockup 28_3widgets.png,15824,"{}",3,0,"{""name"":""rect"",""x"":296,""y"":539,""width"":82,""height"":19}","{""widget_name"":""Checkbox""}"
New Mockup 28_3widgets.png,15824,"{}",3,1,"{""name"":""rect"",""x"":279,""y"":559,""width"":94,""height"":26}","{""widget_name"":""ComboBox""}"
New Mockup 28_3widgets.png,15824,"{}",3,2,"{""name"":""rect"",""x"":239,""y"":464,""width"":152,""height"":64}","{""widget_name"":""Button""}"
New Mockup 29_3widgets.png,15237,"{}",3,0,"{""name"":""rect"",""x"":146,""y"":577,""width"":87,""height"":24}","{""widget_name"":""Checkbox""}"
New Mockup 29_3widgets.png,15237,"{}",3,1,"{""name"":""rect"",""x"":281,""y"":554,""width"":92,""height"":33}","{""widget_name"":""ComboBox""}"
New Mockup 29_3widgets.png,15237,"{}",3,2,"{""name"":""rect"",""x"":239,""y"":460,""width"":152,""height"":64}","{""widget_name"":""Button""}"
New Mockup 30_3widgets.png,15252,"{}",3,0,"{""name"":""rect"",""x"":145,""y"":580,""width"":98,""height"":19}","{""widget_name"":""Checkbox""}"
New Mockup 30_3widgets.png,15252,"{}",3,1,"{""name"":""rect"",""x"":281,""y"":558,""width"":91,""height"":28}","{""widget_name"":""ComboBox""}"
New Mockup 30_3widgets.png,15252,"{}",3,2,"{""name"":""rect"",""x"":242,""y"":493,""width"":152,""height"":66}","{""widget_name"":""Button""}"
New Mockup 31_3widgets.png,17947,"{}",5,0,"{""name"":""rect"",""x"":145,""y"":580,""width"":91,""height"":17}","{""widget_name"":""Checkbox""}"
New Mockup 31_3widgets.png,17947,"{}",5,1,"{""name"":""rect"",""x"":272,""y"":559,""width"":108,""height"":28}","{""widget_name"":""ComboBox""}"
New Mockup 31_3widgets.png,17947,"{}",5,2,"{""name"":""rect"",""x"":237,""y"":493,""width"":153,""height"":63}","{""widget_name"":""Button""}"
New Mockup 31_3widgets.png,17947,"{}",5,3,"{""name"":""rect"",""x"":162,""y"":408,""width"":38,""height"":38}","{""widget_name"":""icon""}"
New Mockup 31_3widgets.png,17947,"{}",5,4,"{""name"":""rect"",""x"":239,""y"":342,""width"":103,""height"":21}","{""widget_name"":""RadioButton""}"
New Mockup 32_3widgets.png,17952,"{}",5,0,"{""name"":""rect"",""x"":145,""y"":577,""width"":94,""height"":24}","{""widget_name"":""Checkbox""}"
New Mockup 32_3widgets.png,17952,"{}",5,1,"{""name"":""rect"",""x"":279,""y"":556,""width"":96,""height"":35}","{""widget_name"":""ComboBox""}"
New Mockup 32_3widgets.png,17952,"{}",5,2,"{""name"":""rect"",""x"":44,""y"":322,""width"":148,""height"":63}","{""widget_name"":""Button""}"
New Mockup 32_3widgets.png,17952,"{}",5,3,"{""name"":""rect"",""x"":162,""y"":406,""width"":40,""height"":40}","{""widget_name"":""icon""}"
New Mockup 32_3widgets.png,17952,"{}",5,4,"{""name"":""rect"",""x"":239,""y"":343,""width"":119,""height"":23}","{""widget_name"":""RadioButton""}"
New Mockup 33_3widgets.png,18482,"{}",5,0,"{""name"":""rect"",""x"":214,""y"":410,""width"":94,""height"":17}","{""widget_name"":""Checkbox""}"
New Mockup 33_3widgets.png,18482,"{}",5,1,"{""name"":""rect"",""x"":282,""y"":556,""width"":91,""height"":30}","{""widget_name"":""ComboBox""}"
New Mockup 33_3widgets.png,18482,"{}",5,2,"{""name"":""rect"",""x"":44,""y"":321,""width"":155,""height"":66}","{""widget_name"":""Button""}"
New Mockup 33_3widgets.png,18482,"{}",5,3,"{""name"":""rect"",""x"":160,""y"":408,""width"":44,""height"":37}","{""widget_name"":""icon""}"
New Mockup 33_3widgets.png,18482,"{}",5,4,"{""name"":""rect"",""x"":244,""y"":347,""width"":103,""height"":19}","{""widget_name"":""RadioButton""}"
New Mockup 34_3widgets.png,18461,"{}",5,0,"{""name"":""rect"",""x"":213,""y"":410,""width"":98,""height"":23}","{""widget_name"":""Checkbox""}"
New Mockup 34_3widgets.png,18461,"{}",5,1,"{""name"":""rect"",""x"":227,""y"":380,""width"":110,""height"":26}","{""widget_name"":""ComboBox""}"
New Mockup 34_3widgets.png,18461,"{}",5,2,"{""name"":""rect"",""x"":40,""y"":319,""width"":155,""height"":70}","{""widget_name"":""Button""}"
New Mockup 34_3widgets.png,18461,"{}",5,3,"{""name"":""rect"",""x"":160,""y"":406,""width"":40,""height"":42}","{""widget_name"":""icon""}"
New Mockup 34_3widgets.png,18461,"{}",5,4,"{""name"":""rect"",""x"":227,""y"":340,""width"":125,""height"":26}","{""widget_name"":""RadioButton""}"
New Mockup 35_3widgets.png,18539,"{}",5,0,"{""name"":""rect"",""x"":120,""y"":573,""width"":82,""height"":17}","{""widget_name"":""Checkbox""}"
New Mockup 35_3widgets.png,18539,"{}",5,1,"{""name"":""rect"",""x"":242,""y"":375,""width"":91,""height"":30}","{""widget_name"":""ComboBox""}"
New Mockup 35_3widgets.png,18539,"{}",5,2,"{""name"":""rect"",""x"":45,""y"":321,""width"":152,""height"":70}","{""widget_name"":""Button""}"
New Mockup 35_3widgets.png,18539,"{}",5,3,"{""name"":""rect"",""x"":193,""y"":596,""width"":44,""height"":44}","{""widget_name"":""icon""}"
New Mockup 35_3widgets.png,18539,"{}",5,4,"{""name"":""rect"",""x"":241,""y"":340,""width"":108,""height"":28}","{""widget_name"":""RadioButton""}"
New Mockup 36_3widgets.png,18351,"{}",5,0,"{""name"":""rect"",""x"":119,""y"":580,""width"":115,""height"":10}","{""widget_name"":""Checkbox""}"
New Mockup 36_3widgets.png,18351,"{}",5,1,"{""name"":""rect"",""x"":242,""y"":378,""width"":91,""height"":28}","{""widget_name"":""ComboBox""}"
New Mockup 36_3widgets.png,18351,"{}",5,2,"{""name"":""rect"",""x"":45,""y"":322,""width"":146,""height"":59}","{""widget_name"":""Button""}"
New Mockup 36_3widgets.png,18351,"{}",5,3,"{""name"":""rect"",""x"":197,""y"":605,""width"":44,""height"":37}","{""widget_name"":""icon""}"
New Mockup 36_3widgets.png,18351,"{}",5,4,"{""name"":""rect"",""x"":146,""y"":385,""width"":105,""height"":21}","{""widget_name"":""RadioButton""}"
New Mockup 37_3widgets.png,18306,"{}",5,0,"{""name"":""rect"",""x"":119,""y"":573,""width"":91,""height"":19}","{""widget_name"":""Checkbox""}"
New Mockup 37_3widgets.png,18306,"{}",5,1,"{""name"":""rect"",""x"":242,""y"":376,""width"":94,""height"":30}","{""widget_name"":""ComboBox""}"
New Mockup 37_3widgets.png,18306,"{}",5,2,"{""name"":""rect"",""x"":42,""y"":322,""width"":152,""height"":61}","{""widget_name"":""Button""}"
New Mockup 37_3widgets.png,18306,"{}",5,3,"{""name"":""rect"",""x"":195,""y"":600,""width"":42,""height"":37}","{""widget_name"":""icon""}"
New Mockup 37_3widgets.png,18306,"{}",5,4,"{""name"":""rect"",""x"":146,""y"":389,""width"":103,""height"":21}","{""widget_name"":""RadioButton""}"
New Mockup 38_3widgets.png,18290,"{}",5,0,"{""name"":""rect"",""x"":206,""y"":338,""width"":94,""height"":23}","{""widget_name"":""Checkbox""}"
New Mockup 38_3widgets.png,18290,"{}",5,1,"{""name"":""rect"",""x"":242,""y"":378,""width"":92,""height"":24}","{""widget_name"":""ComboBox""}"
New Mockup 38_3widgets.png,18290,"{}",5,2,"{""name"":""rect"",""x"":40,""y"":322,""width"":153,""height"":61}","{""widget_name"":""Button""}"
New Mockup 38_3widgets.png,18290,"{}",5,3,"{""name"":""rect"",""x"":279,""y"":443,""width"":42,""height"":35}","{""widget_name"":""icon""}"
New Mockup 38_3widgets.png,18290,"{}",5,4,"{""name"":""rect"",""x"":141,""y"":383,""width"":112,""height"":21}","{""widget_name"":""RadioButton""}"
New Mockup 39_3widgets.png,18261,"{}",5,0,"{""name"":""rect"",""x"":207,""y"":338,""width"":89,""height"":23}","{""widget_name"":""Checkbox""}"
New Mockup 39_3widgets.png,18261,"{}",5,1,"{""name"":""rect"",""x"":241,""y"":375,""width"":96,""height"":30}","{""widget_name"":""ComboBox""}"
New Mockup 39_3widgets.png,18261,"{}",5,2,"{""name"":""rect"",""x"":45,""y"":322,""width"":150,""height"":61}","{""widget_name"":""Button""}"
New Mockup 39_3widgets.png,18261,"{}",5,3,"{""name"":""rect"",""x"":361,""y"":547,""width"":38,""height"":38}","{""widget_name"":""icon""}"
New Mockup 39_3widgets.png,18261,"{}",5,4,"{""name"":""rect"",""x"":145,""y"":392,""width"":117,""height"":17}","{""widget_name"":""RadioButton""}"
New Mockup 40_3widgets.png,18437,"{}",5,0,"{""name"":""rect"",""x"":209,""y"":336,""width"":89,""height"":23}","{""widget_name"":""Checkbox""}"
New Mockup 40_3widgets.png,18437,"{}",5,1,"{""name"":""rect"",""x"":241,""y"":376,""width"":94,""height"":26}","{""widget_name"":""ComboBox""}"
New Mockup 40_3widgets.png,18437,"{}",5,2,"{""name"":""rect"",""x"":42,""y"":322,""width"":148,""height"":63}","{""widget_name"":""Button""}"
New Mockup 40_3widgets.png,18437,"{}",5,3,"{""name"":""rect"",""x"":361,""y"":546,""width"":40,""height"":42}","{""widget_name"":""icon""}"
New Mockup 40_3widgets.png,18437,"{}",5,4,"{""name"":""rect"",""x"":197,""y"":352,""width"":108,""height"":26}","{""widget_name"":""RadioButton""}"
New Mockup 41_3widgets.png,18466,"{}",5,0,"{""name"":""rect"",""x"":207,""y"":336,""width"":91,""height"":24}","{""widget_name"":""Checkbox""}"
New Mockup 41_3widgets.png,18466,"{}",5,1,"{""name"":""rect"",""x"":63,""y"":476,""width"":94,""height"":28}","{""widget_name"":""ComboBox""}"
New Mockup 41_3widgets.png,18466,"{}",5,2,"{""name"":""rect"",""x"":44,""y"":321,""width"":148,""height"":63}","{""widget_name"":""Button""}"
New Mockup 41_3widgets.png,18466,"{}",5,3,"{""name"":""rect"",""x"":363,""y"":547,""width"":37,""height"":37}","{""widget_name"":""icon""}"
New Mockup 41_3widgets.png,18466,"{}",5,4,"{""name"":""rect"",""x"":197,""y"":356,""width"":113,""height"":19}","{""widget_name"":""RadioButton""}"
New Mockup 42_3widgets.png,18086,"{}",5,0,"{""name"":""rect"",""x"":207,""y"":336,""width"":89,""height"":24}","{""widget_name"":""Checkbox""}"
New Mockup 42_3widgets.png,18086,"{}",5,1,"{""name"":""rect"",""x"":129,""y"":307,""width"":94,""height"":26}","{""widget_name"":""ComboBox""}"
New Mockup 42_3widgets.png,18086,"{}",5,2,"{""name"":""rect"",""x"":42,""y"":321,""width"":148,""height"":64}","{""widget_name"":""Button""}"
New Mockup 42_3widgets.png,18086,"{}",5,3,"{""name"":""rect"",""x"":361,""y"":549,""width"":40,""height"":37}","{""widget_name"":""icon""}"
New Mockup 42_3widgets.png,18086,"{}",5,4,"{""name"":""rect"",""x"":199,""y"":354,""width"":110,""height"":24}","{""widget_name"":""RadioButton""}"
New Mockup 43_3widgets.png,18136,"{}",5,0,"{""name"":""rect"",""x"":207,""y"":335,""width"":91,""height"":26}","{""widget_name"":""Checkbox""}"
New Mockup 43_3widgets.png,18136,"{}",5,1,"{""name"":""rect"",""x"":132,""y"":309,""width"":84,""height"":23}","{""widget_name"":""ComboBox""}"
New Mockup 43_3widgets.png,18136,"{}",5,2,"{""name"":""rect"",""x"":42,""y"":324,""width"":153,""height"":63}","{""widget_name"":""Button""}"
New Mockup 43_3widgets.png,18136,"{}",5,3,"{""name"":""rect"",""x"":361,""y"":544,""width"":40,""height"":45}","{""widget_name"":""icon""}"
New Mockup 43_3widgets.png,18136,"{}",5,4,"{""name"":""rect"",""x"":132,""y"":429,""width"":105,""height"":21}","{""widget_name"":""RadioButton""}"
New Mockup 44_3widgets.png,18151,"{}",5,0,"{""name"":""rect"",""x"":207,""y"":338,""width"":91,""height"":23}","{""widget_name"":""Checkbox""}"
New Mockup 44_3widgets.png,18151,"{}",5,1,"{""name"":""rect"",""x"":127,""y"":305,""width"":85,""height"":24}","{""widget_name"":""ComboBox""}"
New Mockup 44_3widgets.png,18151,"{}",5,2,"{""name"":""rect"",""x"":40,""y"":321,""width"":152,""height"":64}","{""widget_name"":""Button""}"
New Mockup 44_3widgets.png,18151,"{}",5,3,"{""name"":""rect"",""x"":363,""y"":551,""width"":38,""height"":38}","{""widget_name"":""icon""}"
New Mockup 44_3widgets.png,18151,"{}",5,4,"{""name"":""rect"",""x"":134,""y"":429,""width"":117,""height"":21}","{""widget_name"":""RadioButton""}"
New Mockup 45_3widgets.png,18613,"{}",5,0,"{""name"":""rect"",""x"":207,""y"":342,""width"":89,""height"":17}","{""widget_name"":""Checkbox""}"
New Mockup 45_3widgets.png,18613,"{}",5,1,"{""name"":""rect"",""x"":129,""y"":305,""width"":84,""height"":28}","{""widget_name"":""ComboBox""}"
New Mockup 45_3widgets.png,18613,"{}",5,2,"{""name"":""rect"",""x"":185,""y"":481,""width"":152,""height"":64}","{""widget_name"":""Button""}"
New Mockup 45_3widgets.png,18613,"{}",5,3,"{""name"":""rect"",""x"":363,""y"":544,""width"":37,""height"":42}","{""widget_name"":""icon""}"
New Mockup 45_3widgets.png,18613,"{}",5,4,"{""name"":""rect"",""x"":132,""y"":425,""width"":110,""height"":24}","{""widget_name"":""RadioButton""}"
New Mockup 46_3widgets.png,18638,"{}",5,0,"{""name"":""rect"",""x"":207,""y"":340,""width"":85,""height"":19}","{""widget_name"":""Checkbox""}"
New Mockup 46_3widgets.png,18638,"{}",5,1,"{""name"":""rect"",""x"":131,""y"":307,""width"":87,""height"":26}","{""widget_name"":""ComboBox""}"
New Mockup 46_3widgets.png,18638,"{}",5,2,"{""name"":""rect"",""x"":185,""y"":481,""width"":148,""height"":64}","{""widget_name"":""Button""}"
New Mockup 46_3widgets.png,18638,"{}",5,3,"{""name"":""rect"",""x"":242,""y"":418,""width"":40,""height"":38}","{""widget_name"":""icon""}"
New Mockup 46_3widgets.png,18638,"{}",5,4,"{""name"":""rect"",""x"":131,""y"":427,""width"":101,""height"":19}","{""widget_name"":""RadioButton""}"
New Mockup 47_3widgets.png,18514,"{}",5,0,"{""name"":""rect"",""x"":234,""y"":277,""width"":96,""height"":21}","{""widget_name"":""Checkbox""}"
New Mockup 47_3widgets.png,18514,"{}",5,1,"{""name"":""rect"",""x"":281,""y"":321,""width"":96,""height"":30}","{""widget_name"":""ComboBox""}"
New Mockup 47_3widgets.png,18514,"{}",5,2,"{""name"":""rect"",""x"":146,""y"":559,""width"":148,""height"":68}","{""widget_name"":""Button""}"
New Mockup 47_3widgets.png,18514,"{}",5,3,"{""name"":""rect"",""x"":73,""y"":441,""width"":44,""height"":42}","{""widget_name"":""icon""}"
New Mockup 47_3widgets.png,18514,"{}",5,4,"{""name"":""rect"",""x"":166,""y"":303,""width"":105,""height"":17}","{""widget_name"":""RadioButton""}"
New Mockup 48_3widgets.png,18638,"{}",5,0,"{""name"":""rect"",""x"":209,""y"":335,""width"":92,""height"":26}","{""widget_name"":""Checkbox""}"
New Mockup 48_3widgets.png,18638,"{}",5,1,"{""name"":""rect"",""x"":131,""y"":305,""width"":94,""height"":31}","{""widget_name"":""ComboBox""}"
New Mockup 48_3widgets.png,18638,"{}",5,2,"{""name"":""rect"",""x"":183,""y"":485,""width"":150,""height"":58}","{""widget_name"":""Button""}"
New Mockup 48_3widgets.png,18638,"{}",5,3,"{""name"":""rect"",""x"":244,""y"":417,""width"":38,""height"":40}","{""widget_name"":""icon""}"
New Mockup 48_3widgets.png,18638,"{}",5,4,"{""name"":""rect"",""x"":131,""y"":429,""width"":103,""height"":21}","{""widget_name"":""RadioButton""}"
New Mockup 49_3widgets.png,18619,"{}",5,0,"{""name"":""rect"",""x"":207,""y"":340,""width"":89,""height"":19}","{""widget_name"":""Checkbox""}"
New Mockup 49_3widgets.png,18619,"{}",5,1,"{""name"":""rect"",""x"":131,""y"":305,""width"":84,""height"":30}","{""widget_name"":""ComboBox""}"
New Mockup 49_3widgets.png,18619,"{}",5,2,"{""name"":""rect"",""x"":185,""y"":478,""width"":150,""height"":66}","{""widget_name"":""Button""}"
New Mockup 49_3widgets.png,18619,"{}",5,3,"{""name"":""rect"",""x"":242,""y"":424,""width"":44,""height"":40}","{""widget_name"":""icon""}"
New Mockup 49_3widgets.png,18619,"{}",5,4,"{""name"":""rect"",""x"":132,""y"":432,""width"":113,""height"":23}","{""widget_name"":""RadioButton""}"
New Mockup 50_3widgets.png,18616,"{}",5,0,"{""name"":""rect"",""x"":207,""y"":336,""width"":92,""height"":28}","{""widget_name"":""Checkbox""}"
New Mockup 50_3widgets.png,18616,"{}",5,1,"{""name"":""rect"",""x"":127,""y"":307,""width"":85,""height"":30}","{""widget_name"":""ComboBox""}"
New Mockup 50_3widgets.png,18616,"{}",5,2,"{""name"":""rect"",""x"":183,""y"":481,""width"":148,""height"":64}","{""widget_name"":""Button""}"
New Mockup 50_3widgets.png,18616,"{}",5,3,"{""name"":""rect"",""x"":275,""y"":570,""width"":38,""height"":42}","{""widget_name"":""icon""}"
New Mockup 50_3widgets.png,18616,"{}",5,4,"{""name"":""rect"",""x"":237,""y"":554,""width"":112,""height"":23}","{""widget_name"":""RadioButton""}"
New Mockup 51_3widgets.png,18586,"{}",5,0,"{""name"":""rect"",""x"":150,""y"":568,""width"":85,""height"":26}","{""widget_name"":""Checkbox""}"
New Mockup 51_3widgets.png,18586,"{}",5,1,"{""name"":""rect"",""x"":127,""y"":305,""width"":105,""height"":37}","{""widget_name"":""ComboBox""}"
New Mockup 51_3widgets.png,18586,"{}",5,2,"{""name"":""rect"",""x"":186,""y"":479,""width"":145,""height"":59}","{""widget_name"":""Button""}"
New Mockup 51_3widgets.png,18586,"{}",5,3,"{""name"":""rect"",""x"":272,""y"":577,""width"":52,""height"":38}","{""widget_name"":""icon""}"
New Mockup 51_3widgets.png,18586,"{}",5,4,"{""name"":""rect"",""x"":239,""y"":556,""width"":112,""height"":19}","{""widget_name"":""RadioButton""}"
New Mockup 52_3widgets.png,18521,"{}",5,0,"{""name"":""rect"",""x"":148,""y"":575,""width"":82,""height"":19}","{""widget_name"":""Checkbox""}"
New Mockup 52_3widgets.png,18521,"{}",5,1,"{""name"":""rect"",""x"":302,""y"":404,""width"":92,""height"":28}","{""widget_name"":""ComboBox""}"
New Mockup 52_3widgets.png,18521,"{}",5,2,"{""name"":""rect"",""x"":221,""y"":232,""width"":150,""height"":66}","{""widget_name"":""Button""}"
New Mockup 52_3widgets.png,18521,"{}",5,3,"{""name"":""rect"",""x"":275,""y"":577,""width"":38,""height"":33}","{""widget_name"":""icon""}"
New Mockup 52_3widgets.png,18521,"{}",5,4,"{""name"":""rect"",""x"":235,""y"":556,""width"":103,""height"":17}","{""widget_name"":""RadioButton""}"
New Mockup 53_3widgets.png,18477,"{}",5,0,"{""name"":""rect"",""x"":148,""y"":573,""width"":91,""height"":21}","{""widget_name"":""Checkbox""}"
New Mockup 53_3widgets.png,18477,"{}",5,1,"{""name"":""rect"",""x"":303,""y"":403,""width"":98,""height"":30}","{""widget_name"":""ComboBox""}"
New Mockup 53_3widgets.png,18477,"{}",5,2,"{""name"":""rect"",""x"":220,""y"":232,""width"":155,""height"":70}","{""widget_name"":""Button""}"
New Mockup 53_3widgets.png,18477,"{}",5,3,"{""name"":""rect"",""x"":274,""y"":579,""width"":44,""height"":35}","{""widget_name"":""icon""}"
New Mockup 53_3widgets.png,18477,"{}",5,4,"{""name"":""rect"",""x"":268,""y"":383,""width"":113,""height"":14}","{""widget_name"":""RadioButton""}"
New Mockup 54_3widgets.png,18481,"{}",5,0,"{""name"":""rect"",""x"":220,""y"":462,""width"":96,""height"":19}","{""widget_name"":""Checkbox""}"
New Mockup 54_3widgets.png,18481,"{}",5,1,"{""name"":""rect"",""x"":303,""y"":401,""width"":94,""height"":28}","{""widget_name"":""ComboBox""}"
New Mockup 54_3widgets.png,18481,"{}",5,2,"{""name"":""rect"",""x"":223,""y"":235,""width"":153,""height"":66}","{""widget_name"":""Button""}"
New Mockup 54_3widgets.png,18481,"{}",5,3,"{""name"":""rect"",""x"":277,""y"":575,""width"":40,""height"":40}","{""widget_name"":""icon""}"
New Mockup 54_3widgets.png,18481,"{}",5,4,"{""name"":""rect"",""x"":270,""y"":382,""width"":101,""height"":23}","{""widget_name"":""RadioButton""}"
New Mockup 55_3widgets.png,18478,"{}",5,0,"{""name"":""rect"",""x"":223,""y"":458,""width"":80,""height"":24}","{""widget_name"":""Checkbox""}"
New Mockup 55_3widgets.png,18478,"{}",5,1,"{""name"":""rect"",""x"":300,""y"":404,""width"":99,""height"":28}","{""widget_name"":""ComboBox""}"
New Mockup 55_3widgets.png,18478,"{}",5,2,"{""name"":""rect"",""x"":223,""y"":234,""width"":148,""height"":68}","{""widget_name"":""Button""}"
New Mockup 55_3widgets.png,18478,"{}",5,3,"{""name"":""rect"",""x"":261,""y"":420,""width"":38,""height"":40}","{""widget_name"":""icon""}"
New Mockup 55_3widgets.png,18478,"{}",5,4,"{""name"":""rect"",""x"":268,""y"":382,""width"":122,""height"":21}","{""widget_name"":""RadioButton""}"
New Mockup 56_3widgets.png,18485,"{}",5,0,"{""name"":""rect"",""x"":235,""y"":343,""width"":91,""height"":21}","{""widget_name"":""Checkbox""}"
New Mockup 56_3widgets.png,18485,"{}",5,1,"{""name"":""rect"",""x"":303,""y"":403,""width"":92,""height"":28}","{""widget_name"":""ComboBox""}"
New Mockup 56_3widgets.png,18485,"{}",5,2,"{""name"":""rect"",""x"":220,""y"":235,""width"":153,""height"":66}","{""widget_name"":""Button""}"
New Mockup 56_3widgets.png,18485,"{}",5,3,"{""name"":""rect"",""x"":254,""y"":417,""width"":42,""height"":44}","{""widget_name"":""icon""}"
New Mockup 56_3widgets.png,18485,"{}",5,4,"{""name"":""rect"",""x"":256,""y"":383,""width"":125,""height"":19}","{""widget_name"":""RadioButton""}"
New Mockup 57_3widgets.png,18509,"{}",5,0,"{""name"":""rect"",""x"":235,""y"":345,""width"":96,""height"":19}","{""widget_name"":""Checkbox""}"
New Mockup 57_3widgets.png,18509,"{}",5,1,"{""name"":""rect"",""x"":300,""y"":399,""width"":96,""height"":31}","{""widget_name"":""ComboBox""}"
New Mockup 57_3widgets.png,18509,"{}",5,2,"{""name"":""rect"",""x"":188,""y"":514,""width"":146,""height"":61}","{""widget_name"":""Button""}"
New Mockup 57_3widgets.png,18509,"{}",5,3,"{""name"":""rect"",""x"":256,""y"":418,""width"":40,""height"":40}","{""widget_name"":""icon""}"
New Mockup 57_3widgets.png,18509,"{}",5,4,"{""name"":""rect"",""x"":275,""y"":380,""width"":108,""height"":23}","{""widget_name"":""RadioButton""}"
New Mockup 58_3widgets.png,18502,"{}",5,0,"{""name"":""rect"",""x"":237,""y"":338,""width"":89,""height"":26}","{""widget_name"":""Checkbox""}"
New Mockup 58_3widgets.png,18502,"{}",5,1,"{""name"":""rect"",""x"":305,""y"":406,""width"":89,""height"":23}","{""widget_name"":""ComboBox""}"
New Mockup 58_3widgets.png,18502,"{}",5,2,"{""name"":""rect"",""x"":106,""y"":373,""width"":145,""height"":63}","{""widget_name"":""Button""}"
New Mockup 58_3widgets.png,18502,"{}",5,3,"{""name"":""rect"",""x"":256,""y"":418,""width"":44,""height"":42}","{""widget_name"":""icon""}"
New Mockup 58_3widgets.png,18502,"{}",5,4,"{""name"":""rect"",""x"":268,""y"":385,""width"":106,""height"":16}","{""widget_name"":""RadioButton""}"
New Mockup 59_3widgets.png,18523,"{}",5,0,"{""name"":""rect"",""x"":237,""y"":342,""width"":84,""height"":23}","{""widget_name"":""Checkbox""}"
New Mockup 59_3widgets.png,18523,"{}",5,1,"{""name"":""rect"",""x"":303,""y"":404,""width"":91,""height"":24}","{""widget_name"":""ComboBox""}"
New Mockup 59_3widgets.png,18523,"{}",5,2,"{""name"":""rect"",""x"":105,""y"":378,""width"":155,""height"":61}","{""widget_name"":""Button""}"
New Mockup 59_3widgets.png,18523,"{}",5,3,"{""name"":""rect"",""x"":176,""y"":458,""width"":38,""height"":38}","{""widget_name"":""icon""}"
New Mockup 59_3widgets.png,18523,"{}",5,4,"{""name"":""rect"",""x"":272,""y"":383,""width"":117,""height"":21}","{""widget_name"":""RadioButton""}"
New Mockup 60_3widgets.png,18005,"{}",5,0,"{""name"":""rect"",""x"":235,""y"":342,""width"":80,""height"":17}","{""widget_name"":""Checkbox""}"
New Mockup 60_3widgets.png,18005,"{}",5,1,"{""name"":""rect"",""x"":303,""y"":356,""width"":92,""height"":24}","{""widget_name"":""ComboBox""}"
New Mockup 60_3widgets.png,18005,"{}",5,2,"{""name"":""rect"",""x"":106,""y"":371,""width"":146,""height"":66}","{""widget_name"":""Button""}"
New Mockup 60_3widgets.png,18005,"{}",5,3,"{""name"":""rect"",""x"":176,""y"":458,""width"":42,""height"":42}","{""widget_name"":""icon""}"
New Mockup 60_3widgets.png,18005,"{}",5,4,"{""name"":""rect"",""x"":268,""y"":385,""width"":105,""height"":21}","{""widget_name"":""RadioButton""}"
New Mockup 61_3widgets.png,17995,"{}",5,0,"{""name"":""rect"",""x"":235,""y"":338,""width"":82,""height"":23}","{""widget_name"":""Checkbox""}"
New Mockup 61_3widgets.png,17995,"{}",5,1,"{""name"":""rect"",""x"":302,""y"":354,""width"":94,""height"":30}","{""widget_name"":""ComboBox""}"
New Mockup 61_3widgets.png,17995,"{}",5,2,"{""name"":""rect"",""x"":108,""y"":371,""width"":148,""height"":68}","{""widget_name"":""Button""}"
New Mockup 61_3widgets.png,17995,"{}",5,3,"{""name"":""rect"",""x"":80,""y"":356,""width"":47,""height"":40}","{""widget_name"":""icon""}"
New Mockup 61_3widgets.png,17995,"{}",5,4,"{""name"":""rect"",""x"":268,""y"":380,""width"":105,""height"":21}","{""widget_name"":""RadioButton""}"
New Mockup 62_3widgets.png,17992,"{}",5,0,"{""name"":""rect"",""x"":234,""y"":342,""width"":85,""height"":19}","{""widget_name"":""Checkbox""}"
New Mockup 62_3widgets.png,17992,"{}",5,1,"{""name"":""rect"",""x"":300,""y"":356,""width"":98,""height"":23}","{""widget_name"":""ComboBox""}"
New Mockup 62_3widgets.png,17992,"{}",5,2,"{""name"":""rect"",""x"":181,""y"":500,""width"":153,""height"":64}","{""widget_name"":""Button""}"
New Mockup 62_3widgets.png,17992,"{}",5,3,"{""name"":""rect"",""x"":84,""y"":357,""width"":42,""height"":40}","{""widget_name"":""icon""}"
New Mockup 62_3widgets.png,17992,"{}",5,4,"{""name"":""rect"",""x"":267,""y"":382,""width"":110,""height"":19}","{""widget_name"":""RadioButton""}"
New Mockup 63_3widgets.png,17988,"{}",5,0,"{""name"":""rect"",""x"":230,""y"":338,""width"":91,""height"":26}","{""widget_name"":""Checkbox""}"
New Mockup 63_3widgets.png,17988,"{}",5,1,"{""name"":""rect"",""x"":300,""y"":352,""width"":96,""height"":30}","{""widget_name"":""ComboBox""}"
New Mockup 63_3widgets.png,17988,"{}",5,2,"{""name"":""rect"",""x"":176,""y"":497,""width"":160,""height"":68}","{""widget_name"":""Button""}"
New Mockup 63_3widgets.png,17988,"{}",5,3,"{""name"":""rect"",""x"":82,""y"":356,""width"":40,""height"":40}","{""widget_name"":""icon""}"
New Mockup 63_3widgets.png,17988,"{}",5,4,"{""name"":""rect"",""x"":268,""y"":380,""width"":112,""height"":26}","{""widget_name"":""RadioButton""}"
New Mockup 64_3widgets.png,17911,"{}",5,0,"{""name"":""rect"",""x"":232,""y"":343,""width"":87,""height"":17}","{""widget_name"":""Checkbox""}"
New Mockup 64_3widgets.png,17911,"{}",5,1,"{""name"":""rect"",""x"":303,""y"":356,""width"":94,""height"":24}","{""widget_name"":""ComboBox""}"
New Mockup 64_3widgets.png,17911,"{}",5,2,"{""name"":""rect"",""x"":124,""y"":359,""width"":150,""height"":63}","{""widget_name"":""Button""}"
New Mockup 64_3widgets.png,17911,"{}",5,3,"{""name"":""rect"",""x"":80,""y"":354,""width"":44,""height"":42}","{""widget_name"":""icon""}"
New Mockup 64_3widgets.png,17911,"{}",5,4,"{""name"":""rect"",""x"":275,""y"":383,""width"":108,""height"":23}","{""widget_name"":""RadioButton""}"
New Mockup 65_3widgets.png,18509,"{}",5,0,"{""name"":""rect"",""x"":256,""y"":514,""width"":91,""height"":21}","{""widget_name"":""Checkbox""}"
New Mockup 65_3widgets.png,18509,"{}",5,1,"{""name"":""rect"",""x"":300,""y"":352,""width"":98,""height"":31}","{""widget_name"":""ComboBox""}"
New Mockup 65_3widgets.png,18509,"{}",5,2,"{""name"":""rect"",""x"":122,""y"":359,""width"":148,""height"":64}","{""widget_name"":""Button""}"
New Mockup 65_3widgets.png,18509,"{}",5,3,"{""name"":""rect"",""x"":80,""y"":354,""width"":47,""height"":47}","{""widget_name"":""icon""}"
New Mockup 65_3widgets.png,18509,"{}",5,4,"{""name"":""rect"",""x"":272,""y"":380,""width"":110,""height"":21}","{""widget_name"":""RadioButton""}"
New Mockup 66_3widgets.png,18534,"{}",5,0,"{""name"":""rect"",""x"":256,""y"":514,""width"":92,""height"":26}","{""widget_name"":""Checkbox""}"
New Mockup 66_3widgets.png,18534,"{}",5,1,"{""name"":""rect"",""x"":279,""y"":413,""width"":96,""height"":26}","{""widget_name"":""ComboBox""}"
New Mockup 66_3widgets.png,18534,"{}",5,2,"{""name"":""rect"",""x"":124,""y"":359,""width"":148,""height"":61}","{""widget_name"":""Button""}"
New Mockup 66_3widgets.png,18534,"{}",5,3,"{""name"":""rect"",""x"":82,""y"":354,""width"":42,""height"":44}","{""widget_name"":""icon""}"
New Mockup 66_3widgets.png,18534,"{}",5,4,"{""name"":""rect"",""x"":270,""y"":378,""width"":113,""height"":21}","{""widget_name"":""RadioButton""}"
New Mockup 67_3widgets.png,18578,"{}",5,0,"{""name"":""rect"",""x"":254,""y"":519,""width"":91,""height"":16}","{""widget_name"":""Checkbox""}"
New Mockup 67_3widgets.png,18578,"{}",5,1,"{""name"":""rect"",""x"":284,""y"":417,""width"":94,""height"":24}","{""widget_name"":""ComboBox""}"
New Mockup 67_3widgets.png,18578,"{}",5,2,"{""name"":""rect"",""x"":122,""y"":359,""width"":150,""height"":66}","{""widget_name"":""Button""}"
New Mockup 67_3widgets.png,18578,"{}",5,3,"{""name"":""rect"",""x"":127,""y"":424,""width"":40,""height"":44}","{""widget_name"":""icon""}"
New Mockup 67_3widgets.png,18578,"{}",5,4,"{""name"":""rect"",""x"":274,""y"":383,""width"":110,""height"":21}","{""widget_name"":""RadioButton""}"
New Mockup 68_3widgets.png,18532,"{}",5,0,"{""name"":""rect"",""x"":232,""y"":279,""width"":101,""height"":14}","{""widget_name"":""Checkbox""}"
New Mockup 68_3widgets.png,18532,"{}",5,1,"{""name"":""rect"",""x"":106,""y"":492,""width"":98,""height"":28}","{""widget_name"":""ComboBox""}"
New Mockup 68_3widgets.png,18532,"{}",5,2,"{""name"":""rect"",""x"":242,""y"":209,""width"":150,""height"":64}","{""widget_name"":""Button""}"
New Mockup 68_3widgets.png,18532,"{}",5,3,"{""name"":""rect"",""x"":207,""y"":481,""width"":40,""height"":40}","{""widget_name"":""icon""}"
New Mockup 68_3widgets.png,18532,"{}",5,4,"{""name"":""rect"",""x"":169,""y"":296,""width"":110,""height"":30}","{""widget_name"":""RadioButton""}"
New Mockup 69_3widgets.png,18597,"{}",5,0,"{""name"":""rect"",""x"":254,""y"":514,""width"":87,""height"":23}","{""widget_name"":""Checkbox""}"
New Mockup 69_3widgets.png,18597,"{}",5,1,"{""name"":""rect"",""x"":281,""y"":413,""width"":96,""height"":26}","{""widget_name"":""ComboBox""}"
New Mockup 69_3widgets.png,18597,"{}",5,2,"{""name"":""rect"",""x"":124,""y"":363,""width"":148,""height"":63}","{""widget_name"":""Button""}"
New Mockup 69_3widgets.png,18597,"{}",5,3,"{""name"":""rect"",""x"":124,""y"":425,""width"":45,""height"":44}","{""widget_name"":""icon""}"
New Mockup 69_3widgets.png,18597,"{}",5,4,"{""name"":""rect"",""x"":272,""y"":382,""width"":99,""height"":19}","{""widget_name"":""RadioButton""}"
New Mockup 70_3widgets.png,18652,"{}",5,0,"{""name"":""rect"",""x"":256,""y"":519,""width"":106,""height"":21}","{""widget_name"":""Checkbox""}"
New Mockup 70_3widgets.png,18652,"{}",5,1,"{""name"":""rect"",""x"":281,""y"":417,""width"":92,""height"":23}","{""widget_name"":""ComboBox""}"
New Mockup 70_3widgets.png,18652,"{}",5,2,"{""name"":""rect"",""x"":103,""y"":537,""width"":148,""height"":64}","{""widget_name"":""Button""}"
New Mockup 70_3widgets.png,18652,"{}",5,3,"{""name"":""rect"",""x"":124,""y"":424,""width"":44,""height"":44}","{""widget_name"":""icon""}"
New Mockup 70_3widgets.png,18652,"{}",5,4,"{""name"":""rect"",""x"":270,""y"":382,""width"":112,""height"":19}","{""widget_name"":""RadioButton""}"
New Mockup 71_3widgets.png,18649,"{}",5,0,"{""name"":""rect"",""x"":251,""y"":516,""width"":101,""height"":24}","{""widget_name"":""Checkbox""}"
New Mockup 71_3widgets.png,18649,"{}",5,1,"{""name"":""rect"",""x"":277,""y"":410,""width"":99,""height"":33}","{""widget_name"":""ComboBox""}"
New Mockup 71_3widgets.png,18649,"{}",5,2,"{""name"":""rect"",""x"":98,""y"":537,""width"":155,""height"":66}","{""widget_name"":""Button""}"
New Mockup 71_3widgets.png,18649,"{}",5,3,"{""name"":""rect"",""x"":125,""y"":427,""width"":45,""height"":42}","{""widget_name"":""icon""}"
New Mockup 71_3widgets.png,18649,"{}",5,4,"{""name"":""rect"",""x"":155,""y"":481,""width"":127,""height"":23}","{""widget_name"":""RadioButton""}"
New Mockup 72_3widgets.png,18640,"{}",5,0,"{""name"":""rect"",""x"":253,""y"":514,""width"":96,""height"":24}","{""widget_name"":""Checkbox""}"
New Mockup 72_3widgets.png,18640,"{}",5,1,"{""name"":""rect"",""x"":298,""y"":185,""width"":92,""height"":28}","{""widget_name"":""ComboBox""}"
New Mockup 72_3widgets.png,18640,"{}",5,2,"{""name"":""rect"",""x"":101,""y"":540,""width"":146,""height"":63}","{""widget_name"":""Button""}"
New Mockup 72_3widgets.png,18640,"{}",5,3,"{""name"":""rect"",""x"":129,""y"":429,""width"":38,""height"":35}","{""widget_name"":""icon""}"
New Mockup 72_3widgets.png,18640,"{}",5,4,"{""name"":""rect"",""x"":157,""y"":479,""width"":131,""height"":23}","{""widget_name"":""RadioButton""}"
New Mockup 73_3widgets.png,18612,"{}",5,0,"{""name"":""rect"",""x"":258,""y"":516,""width"":98,""height"":21}","{""widget_name"":""Checkbox""}"
New Mockup 73_3widgets.png,18612,"{}",5,1,"{""name"":""rect"",""x"":296,""y"":185,""width"":101,""height"":28}","{""widget_name"":""ComboBox""}"
New Mockup 73_3widgets.png,18612,"{}",5,2,"{""name"":""rect"",""x"":101,""y"":542,""width"":146,""height"":59}","{""widget_name"":""Button""}"
New Mockup 73_3widgets.png,18612,"{}",5,3,"{""name"":""rect"",""x"":207,""y"":202,""width"":33,""height"":37}","{""widget_name"":""icon""}"
New Mockup 73_3widgets.png,18612,"{}",5,4,"{""name"":""rect"",""x"":157,""y"":481,""width"":138,""height"":26}","{""widget_name"":""RadioButton""}"
New Mockup 74_3widgets.png,18606,"{}",5,0,"{""name"":""rect"",""x"":254,""y"":516,""width"":99,""height"":21}","{""widget_name"":""Checkbox""}"
New Mockup 74_3widgets.png,18606,"{}",5,1,"{""name"":""rect"",""x"":302,""y"":185,""width"":87,""height"":28}","{""widget_name"":""ComboBox""}"
New Mockup 74_3widgets.png,18606,"{}",5,2,"{""name"":""rect"",""x"":99,""y"":540,""width"":148,""height"":63}","{""widget_name"":""Button""}"
New Mockup 74_3widgets.png,18606,"{}",5,3,"{""name"":""rect"",""x"":206,""y"":197,""width"":44,""height"":42}","{""widget_name"":""icon""}"
New Mockup 74_3widgets.png,18606,"{}",5,4,"{""name"":""rect"",""x"":70,""y"":267,""width"":117,""height"":24}","{""widget_name"":""RadioButton""}"
New Mockup 75_3widgets.png,18571,"{}",5,0,"{""name"":""rect"",""x"":284,""y"":272,""width"":96,""height"":17}","{""widget_name"":""Checkbox""}"
New Mockup 75_3widgets.png,18571,"{}",5,1,"{""name"":""rect"",""x"":298,""y"":185,""width"":96,""height"":26}","{""widget_name"":""ComboBox""}"
New Mockup 75_3widgets.png,18571,"{}",5,2,"{""name"":""rect"",""x"":101,""y"":542,""width"":148,""height"":61}","{""widget_name"":""Button""}"
New Mockup 75_3widgets.png,18571,"{}",5,3,"{""name"":""rect"",""x"":202,""y"":199,""width"":47,""height"":42}","{""widget_name"":""icon""}"
New Mockup 75_3widgets.png,18571,"{}",5,4,"{""name"":""rect"",""x"":68,""y"":270,""width"":119,""height"":19}","{""widget_name"":""RadioButton""}"
New Mockup 76_3widgets.png,18578,"{}",5,0,"{""name"":""rect"",""x"":282,""y"":263,""width"":85,""height"":31}","{""widget_name"":""Checkbox""}"
New Mockup 76_3widgets.png,18578,"{}",5,1,"{""name"":""rect"",""x"":298,""y"":185,""width"":96,""height"":28}","{""widget_name"":""ComboBox""}"
New Mockup 76_3widgets.png,18578,"{}",5,2,"{""name"":""rect"",""x"":162,""y"":326,""width"":145,""height"":58}","{""widget_name"":""Button""}"
New Mockup 76_3widgets.png,18578,"{}",5,3,"{""name"":""rect"",""x"":206,""y"":199,""width"":44,""height"":40}","{""widget_name"":""icon""}"
New Mockup 76_3widgets.png,18578,"{}",5,4,"{""name"":""rect"",""x"":73,""y"":267,""width"":113,""height"":23}","{""widget_name"":""RadioButton""}"
New Mockup 77_3widgets.png,18527,"{}",5,0,"{""name"":""rect"",""x"":279,""y"":270,""width"":99,""height"":23}","{""widget_name"":""Checkbox""}"
New Mockup 77_3widgets.png,18527,"{}",5,1,"{""name"":""rect"",""x"":296,""y"":181,""width"":96,""height"":30}","{""widget_name"":""ComboBox""}"
New Mockup 77_3widgets.png,18527,"{}",5,2,"{""name"":""rect"",""x"":162,""y"":319,""width"":153,""height"":66}","{""widget_name"":""Button""}"
New Mockup 77_3widgets.png,18527,"{}",5,3,"{""name"":""rect"",""x"":197,""y"":431,""width"":42,""height"":40}","{""widget_name"":""icon""}"
New Mockup 77_3widgets.png,18527,"{}",5,4,"{""name"":""rect"",""x"":70,""y"":270,""width"":108,""height"":19}","{""widget_name"":""RadioButton""}"
New Mockup 78_3widgets.png,18571,"{}",5,0,"{""name"":""rect"",""x"":225,""y"":390,""width"":127,""height"":26}","{""widget_name"":""Checkbox""}"
New Mockup 78_3widgets.png,18571,"{}",5,1,"{""name"":""rect"",""x"":300,""y"":185,""width"":94,""height"":30}","{""widget_name"":""ComboBox""}"
New Mockup 78_3widgets.png,18571,"{}",5,2,"{""name"":""rect"",""x"":162,""y"":319,""width"":150,""height"":66}","{""widget_name"":""Button""}"
New Mockup 78_3widgets.png,18571,"{}",5,3,"{""name"":""rect"",""x"":199,""y"":432,""width"":42,""height"":35}","{""widget_name"":""icon""}"
New Mockup 78_3widgets.png,18571,"{}",5,4,"{""name"":""rect"",""x"":71,""y"":267,""width"":103,""height"":21}","{""widget_name"":""RadioButton""}"
New Mockup 79_3widgets.png,18577,"{}",5,0,"{""name"":""rect"",""x"":230,""y"":387,""width"":91,""height"":23}","{""widget_name"":""Checkbox""}"
New Mockup 79_3widgets.png,18577,"{}",5,1,"{""name"":""rect"",""x"":302,""y"":185,""width"":91,""height"":30}","{""widget_name"":""ComboBox""}"
New Mockup 79_3widgets.png,18577,"{}",5,2,"{""name"":""rect"",""x"":162,""y"":321,""width"":150,""height"":64}","{""widget_name"":""Button""}"
New Mockup 79_3widgets.png,18577,"{}",5,3,"{""name"":""rect"",""x"":197,""y"":432,""width"":40,""height"":42}","{""widget_name"":""icon""}"
New Mockup 79_3widgets.png,18577,"{}",5,4,"{""name"":""rect"",""x"":157,""y"":296,""width"":134,""height"":19}","{""widget_name"":""RadioButton""}"
New Mockup 80_3widgets.png,18520,"{}",5,0,"{""name"":""rect"",""x"":309,""y"":558,""width"":84,""height"":19}","{""widget_name"":""Checkbox""}"
New Mockup 80_3widgets.png,18520,"{}",5,1,"{""name"":""rect"",""x"":300,""y"":183,""width"":94,""height"":30}","{""widget_name"":""ComboBox""}"
New Mockup 80_3widgets.png,18520,"{}",5,2,"{""name"":""rect"",""x"":134,""y"":544,""width"":153,""height"":71}","{""widget_name"":""Button""}"
New Mockup 80_3widgets.png,18520,"{}",5,3,"{""name"":""rect"",""x"":56,""y"":556,""width"":44,""height"":38}","{""widget_name"":""icon""}"
New Mockup 80_3widgets.png,18520,"{}",5,4,"{""name"":""rect"",""x"":155,""y"":305,""width"":125,""height"":14}","{""widget_name"":""RadioButton""}"
New Mockup 81_3widgets.png,18549,"{}",5,0,"{""name"":""rect"",""x"":131,""y"":244,""width"":108,""height"":19}","{""widget_name"":""Checkbox""}"
New Mockup 81_3widgets.png,18549,"{}",5,1,"{""name"":""rect"",""x"":298,""y"":183,""width"":96,""height"":31}","{""widget_name"":""ComboBox""}"
New Mockup 81_3widgets.png,18549,"{}",5,2,"{""name"":""rect"",""x"":132,""y"":548,""width"":159,""height"":63}","{""widget_name"":""Button""}"
New Mockup 81_3widgets.png,18549,"{}",5,3,"{""name"":""rect"",""x"":56,""y"":554,""width"":42,""height"":42}","{""widget_name"":""icon""}"
New Mockup 81_3widgets.png,18549,"{}",5,4,"{""name"":""rect"",""x"":160,""y"":300,""width"":117,""height"":23}","{""widget_name"":""RadioButton""}"
New Mockup 82_3widgets.png,18493,"{}",5,0,"{""name"":""rect"",""x"":134,""y"":239,""width"":87,""height"":21}","{""widget_name"":""Checkbox""}"
New Mockup 82_3widgets.png,18493,"{}",5,1,"{""name"":""rect"",""x"":300,""y"":183,""width"":94,""height"":31}","{""widget_name"":""ComboBox""}"
New Mockup 82_3widgets.png,18493,"{}",5,2,"{""name"":""rect"",""x"":134,""y"":549,""width"":155,""height"":64}","{""widget_name"":""Button""}"
New Mockup 82_3widgets.png,18493,"{}",5,3,"{""name"":""rect"",""x"":59,""y"":558,""width"":37,""height"":40}","{""widget_name"":""icon""}"
New Mockup 82_3widgets.png,18493,"{}",5,4,"{""name"":""rect"",""x"":143,""y"":512,""width"":117,""height"":26}","{""widget_name"":""RadioButton""}"
New Mockup 83_3widgets.png,18282,"{}",5,0,"{""name"":""rect"",""x"":136,""y"":239,""width"":94,""height"":24}","{""widget_name"":""Checkbox""}"
New Mockup 83_3widgets.png,18282,"{}",5,1,"{""name"":""rect"",""x"":270,""y"":512,""width"":96,""height"":28}","{""widget_name"":""ComboBox""}"
New Mockup 83_3widgets.png,18282,"{}",5,2,"{""name"":""rect"",""x"":136,""y"":549,""width"":150,""height"":68}","{""widget_name"":""Button""}"
New Mockup 83_3widgets.png,18282,"{}",5,3,"{""name"":""rect"",""x"":52,""y"":558,""width"":49,""height"":42}","{""widget_name"":""icon""}"
New Mockup 83_3widgets.png,18282,"{}",5,4,"{""name"":""rect"",""x"":145,""y"":518,""width"":108,""height"":17}","{""widget_name"":""RadioButton""}"
New Mockup 84_3widgets.png,18305,"{}",5,0,"{""name"":""rect"",""x"":134,""y"":242,""width"":94,""height"":21}","{""widget_name"":""Checkbox""}"
New Mockup 84_3widgets.png,18305,"{}",5,1,"{""name"":""rect"",""x"":270,""y"":511,""width"":96,""height"":30}","{""widget_name"":""ComboBox""}"
New Mockup 84_3widgets.png,18305,"{}",5,2,"{""name"":""rect"",""x"":134,""y"":544,""width"":153,""height"":66}","{""widget_name"":""Button""}"
New Mockup 84_3widgets.png,18305,"{}",5,3,"{""name"":""rect"",""x"":197,""y"":298,""width"":42,""height"":40}","{""widget_name"":""icon""}"
New Mockup 84_3widgets.png,18305,"{}",5,4,"{""name"":""rect"",""x"":145,""y"":514,""width"":112,""height"":24}","{""widget_name"":""RadioButton""}"
New Mockup 85_3widgets.png,18513,"{}",5,0,"{""name"":""rect"",""x"":134,""y"":241,""width"":92,""height"":21}","{""widget_name"":""Checkbox""}"
New Mockup 85_3widgets.png,18513,"{}",5,1,"{""name"":""rect"",""x"":274,""y"":514,""width"":91,""height"":28}","{""widget_name"":""ComboBox""}"
New Mockup 85_3widgets.png,18513,"{}",5,2,"{""name"":""rect"",""x"":136,""y"":549,""width"":152,""height"":61}","{""widget_name"":""Button""}"
New Mockup 85_3widgets.png,18513,"{}",5,3,"{""name"":""rect"",""x"":195,""y"":300,""width"":42,""height"":37}","{""widget_name"":""icon""}"
New Mockup 85_3widgets.png,18513,"{}",5,4,"{""name"":""rect"",""x"":270,""y"":338,""width"":115,""height"":23}","{""widget_name"":""RadioButton""}"
New Mockup 86_3widgets.png,18566,"{}",5,0,"{""name"":""rect"",""x"":132,""y"":239,""width"":96,""height"":26}","{""widget_name"":""Checkbox""}"
New Mockup 86_3widgets.png,18566,"{}",5,1,"{""name"":""rect"",""x"":274,""y"":516,""width"":96,""height"":28}","{""widget_name"":""ComboBox""}"
New Mockup 86_3widgets.png,18566,"{}",5,2,"{""name"":""rect"",""x"":138,""y"":404,""width"":159,""height"":61}","{""widget_name"":""Button""}"
New Mockup 86_3widgets.png,18566,"{}",5,3,"{""name"":""rect"",""x"":197,""y"":300,""width"":37,""height"":38}","{""widget_name"":""icon""}"
New Mockup 86_3widgets.png,18566,"{}",5,4,"{""name"":""rect"",""x"":270,""y"":342,""width"":115,""height"":17}","{""widget_name"":""RadioButton""}"
New Mockup 87_3widgets.png,18530,"{}",5,0,"{""name"":""rect"",""x"":131,""y"":241,""width"":94,""height"":21}","{""widget_name"":""Checkbox""}"
New Mockup 87_3widgets.png,18530,"{}",5,1,"{""name"":""rect"",""x"":274,""y"":516,""width"":96,""height"":24}","{""widget_name"":""ComboBox""}"
New Mockup 87_3widgets.png,18530,"{}",5,2,"{""name"":""rect"",""x"":143,""y"":401,""width"":155,""height"":70}","{""widget_name"":""Button""}"
New Mockup 87_3widgets.png,18530,"{}",5,3,"{""name"":""rect"",""x"":199,""y"":298,""width"":37,""height"":40}","{""widget_name"":""icon""}"
New Mockup 87_3widgets.png,18530,"{}",5,4,"{""name"":""rect"",""x"":270,""y"":342,""width"":115,""height"":19}","{""widget_name"":""RadioButton""}"
New Mockup 88_3widgets.png,18528,"{}",4,0,"{""name"":""rect"",""x"":134,""y"":241,""width"":92,""height"":26}","{""widget_name"":""Checkbox""}"
New Mockup 88_3widgets.png,18528,"{}",4,1,"{""name"":""rect"",""x"":274,""y"":512,""width"":98,""height"":33}","{""widget_name"":""ComboBox""}"
New Mockup 88_3widgets.png,18528,"{}",4,2,"{""name"":""rect"",""x"":146,""y"":397,""width"":145,""height"":68}","{""widget_name"":""Button""}"
New Mockup 88_3widgets.png,18528,"{}",4,3,"{""name"":""rect"",""x"":195,""y"":300,""width"":42,""height"":42}","{""widget_name"":""icon""}"
New Mockup 89_3widgets.png,18523,"{}",5,0,"{""name"":""rect"",""x"":132,""y"":239,""width"":96,""height"":24}","{""widget_name"":""Checkbox""}"
New Mockup 89_3widgets.png,18523,"{}",5,1,"{""name"":""rect"",""x"":274,""y"":514,""width"":96,""height"":26}","{""widget_name"":""ComboBox""}"
New Mockup 89_3widgets.png,18523,"{}",5,2,"{""name"":""rect"",""x"":141,""y"":399,""width"":153,""height"":66}","{""widget_name"":""Button""}"
New Mockup 89_3widgets.png,18523,"{}",5,3,"{""name"":""rect"",""x"":164,""y"":497,""width"":38,""height"":37}","{""widget_name"":""icon""}"
New Mockup 89_3widgets.png,18523,"{}",5,4,"{""name"":""rect"",""x"":244,""y"":483,""width"":110,""height"":21}","{""widget_name"":""RadioButton""}"
New Mockup 90_3widgets.png,18537,"{}",5,0,"{""name"":""rect"",""x"":129,""y"":241,""width"":91,""height"":23}","{""widget_name"":""Checkbox""}"
New Mockup 90_3widgets.png,18537,"{}",5,1,"{""name"":""rect"",""x"":272,""y"":514,""width"":99,""height"":30}","{""widget_name"":""ComboBox""}"
New Mockup 90_3widgets.png,18537,"{}",5,2,"{""name"":""rect"",""x"":125,""y"":558,""width"":153,""height"":68}","{""widget_name"":""Button""}"
New Mockup 90_3widgets.png,18537,"{}",5,3,"{""name"":""rect"",""x"":164,""y"":497,""width"":37,""height"":40}","{""widget_name"":""icon""}"
New Mockup 90_3widgets.png,18537,"{}",5,4,"{""name"":""rect"",""x"":242,""y"":485,""width"":115,""height"":19}","{""widget_name"":""RadioButton""}"
New Mockup 91_3widgets.png,18001,"{}",5,0,"{""name"":""rect"",""x"":120,""y"":537,""width"":89,""height"":19}","{""widget_name"":""Checkbox""}"
New Mockup 91_3widgets.png,18001,"{}",5,1,"{""name"":""rect"",""x"":275,""y"":516,""width"":89,""height"":30}","{""widget_name"":""ComboBox""}"
New Mockup 91_3widgets.png,18001,"{}",5,2,"{""name"":""rect"",""x"":131,""y"":561,""width"":145,""height"":58}","{""widget_name"":""Button""}"
New Mockup 91_3widgets.png,18001,"{}",5,3,"{""name"":""rect"",""x"":162,""y"":495,""width"":45,""height"":33}","{""widget_name"":""icon""}"
New Mockup 91_3widgets.png,18001,"{}",5,4,"{""name"":""rect"",""x"":242,""y"":481,""width"":120,""height"":24}","{""widget_name"":""RadioButton""}"
New Mockup 93_3widgets.png,18540,"{}",5,0,"{""name"":""rect"",""x"":122,""y"":533,""width"":98,""height"":21}","{""widget_name"":""Checkbox""}"
New Mockup 93_3widgets.png,18540,"{}",5,1,"{""name"":""rect"",""x"":33,""y"":441,""width"":89,""height"":28}","{""widget_name"":""ComboBox""}"
New Mockup 93_3widgets.png,18540,"{}",5,2,"{""name"":""rect"",""x"":127,""y"":553,""width"":148,""height"":71}","{""widget_name"":""Button""}"
New Mockup 93_3widgets.png,18540,"{}",5,3,"{""name"":""rect"",""x"":211,""y"":221,""width"":45,""height"":38}","{""widget_name"":""icon""}"
New Mockup 93_3widgets.png,18540,"{}",5,4,"{""name"":""rect"",""x"":237,""y"":486,""width"":119,""height"":16}","{""widget_name"":""RadioButton""}"
New Mockup 94_3widgets.png,18533,"{}",5,0,"{""name"":""rect"",""x"":124,""y"":535,""width"":84,""height"":21}","{""widget_name"":""Checkbox""}"
New Mockup 94_3widgets.png,18533,"{}",5,1,"{""name"":""rect"",""x"":33,""y"":439,""width"":89,""height"":28}","{""widget_name"":""ComboBox""}"
New Mockup 94_3widgets.png,18533,"{}",5,2,"{""name"":""rect"",""x"":127,""y"":561,""width"":150,""height"":64}","{""widget_name"":""Button""}"
New Mockup 94_3widgets.png,18533,"{}",5,3,"{""name"":""rect"",""x"":216,""y"":221,""width"":42,""height"":38}","{""widget_name"":""icon""}"
New Mockup 94_3widgets.png,18533,"{}",5,4,"{""name"":""rect"",""x"":89,""y"":253,""width"":106,""height"":19}","{""widget_name"":""RadioButton""}"
New Mockup 95_3widgets.png,18561,"{}",5,0,"{""name"":""rect"",""x"":122,""y"":537,""width"":89,""height"":16}","{""widget_name"":""Checkbox""}"
New Mockup 95_3widgets.png,18561,"{}",5,1,"{""name"":""rect"",""x"":31,""y"":434,""width"":89,""height"":30}","{""widget_name"":""ComboBox""}"
New Mockup 95_3widgets.png,18561,"{}",5,2,"{""name"":""rect"",""x"":127,""y"":563,""width"":148,""height"":59}","{""widget_name"":""Button""}"
New Mockup 95_3widgets.png,18561,"{}",5,3,"{""name"":""rect"",""x"":216,""y"":410,""width"":38,""height"":40}","{""widget_name"":""icon""}"
New Mockup 95_3widgets.png,18561,"{}",5,4,"{""name"":""rect"",""x"":89,""y"":253,""width"":112,""height"":26}","{""widget_name"":""RadioButton""}"
New Mockup 96_3widgets.png,18507,"{}",5,0,"{""name"":""rect"",""x"":125,""y"":533,""width"":91,""height"":24}","{""widget_name"":""Checkbox""}"
New Mockup 96_3widgets.png,18507,"{}",5,1,"{""name"":""rect"",""x"":33,""y"":439,""width"":87,""height"":26}","{""widget_name"":""ComboBox""}"
New Mockup 96_3widgets.png,18507,"{}",5,2,"{""name"":""rect"",""x"":241,""y"":213,""width"":153,""height"":63}","{""widget_name"":""Button""}"
New Mockup 96_3widgets.png,18507,"{}",5,3,"{""name"":""rect"",""x"":216,""y"":415,""width"":40,""height"":35}","{""widget_name"":""icon""}"
New Mockup 96_3widgets.png,18507,"{}",5,4,"{""name"":""rect"",""x"":87,""y"":254,""width"":117,""height"":21}","{""widget_name"":""RadioButton""}"
New Mockup 97_3widgets.png,18507,"{}",5,0,"{""name"":""rect"",""x"":227,""y"":328,""width"":89,""height"":16}","{""widget_name"":""Checkbox""}"
New Mockup 97_3widgets.png,18507,"{}",5,1,"{""name"":""rect"",""x"":26,""y"":439,""width"":101,""height"":28}","{""widget_name"":""ComboBox""}"
New Mockup 97_3widgets.png,18507,"{}",5,2,"{""name"":""rect"",""x"":244,""y"":207,""width"":150,""height"":64}","{""widget_name"":""Button""}"
New Mockup 97_3widgets.png,18507,"{}",5,3,"{""name"":""rect"",""x"":216,""y"":417,""width"":40,""height"":31}","{""widget_name"":""icon""}"
New Mockup 97_3widgets.png,18507,"{}",5,4,"{""name"":""rect"",""x"":87,""y"":251,""width"":108,""height"":21}","{""widget_name"":""RadioButton""}"
New Mockup 98_3widgets.png,18519,"{}",5,0,"{""name"":""rect"",""x"":225,""y"":324,""width"":94,""height"":21}","{""widget_name"":""Checkbox""}"
New Mockup 98_3widgets.png,18519,"{}",5,1,"{""name"":""rect"",""x"":30,""y"":436,""width"":96,""height"":33}","{""widget_name"":""ComboBox""}"
New Mockup 98_3widgets.png,18519,"{}",5,2,"{""name"":""rect"",""x"":244,""y"":207,""width"":150,""height"":70}","{""widget_name"":""Button""}"
New Mockup 98_3widgets.png,18519,"{}",5,3,"{""name"":""rect"",""x"":124,""y"":546,""width"":45,""height"":38}","{""widget_name"":""icon""}"
New Mockup 98_3widgets.png,18519,"{}",5,4,"{""name"":""rect"",""x"":91,""y"":254,""width"":105,""height"":19}","{""widget_name"":""RadioButton""}"
New Mockup 99_3widgets.png,18501,"{}",5,0,"{""name"":""rect"",""x"":225,""y"":321,""width"":98,""height"":31}","{""widget_name"":""Checkbox""}"
New Mockup 99_3widgets.png,18501,"{}",5,1,"{""name"":""rect"",""x"":225,""y"":558,""width"":99,""height"":38}","{""widget_name"":""ComboBox""}"
New Mockup 99_3widgets.png,18501,"{}",5,2,"{""name"":""rect"",""x"":242,""y"":206,""width"":153,""height"":68}","{""widget_name"":""Button""}"
New Mockup 99_3widgets.png,18501,"{}",5,3,"{""name"":""rect"",""x"":125,""y"":544,""width"":47,""height"":47}","{""widget_name"":""icon""}"
New Mockup 99_3widgets.png,18501,"{}",5,4,"{""name"":""rect"",""x"":91,""y"":253,""width"":105,""height"":23}","{""widget_name"":""RadioButton""}"
New Mockup 100_3widgets.png,18449,"{}",5,0,"{""name"":""rect"",""x"":223,""y"":326,""width"":92,""height"":17}","{""widget_name"":""Checkbox""}"
New Mockup 100_3widgets.png,18449,"{}",5,1,"{""name"":""rect"",""x"":106,""y"":493,""width"":91,""height"":24}","{""widget_name"":""ComboBox""}"
New Mockup 100_3widgets.png,18449,"{}",5,2,"{""name"":""rect"",""x"":242,""y"":209,""width"":148,""height"":64}","{""widget_name"":""Button""}"
New Mockup 100_3widgets.png,18449,"{}",5,3,"{""name"":""rect"",""x"":206,""y"":481,""width"":44,""height"":42}","{""widget_name"":""icon""}"
New Mockup 100_3widgets.png,18449,"{}",5,4,"{""name"":""rect"",""x"":89,""y"":249,""width"":106,""height"":26}","{""widget_name"":""RadioButton""}"
New Mockup92_3widgets.png,18007,"{}",5,0,"{""name"":""rect"",""x"":125,""y"":537,""width"":85,""height"":23}","{""widget_name"":""Checkbox""}"
New Mockup92_3widgets.png,18007,"{}",5,1,"{""name"":""rect"",""x"":275,""y"":516,""width"":91,""height"":24}","{""widget_name"":""ComboBox""}"
New Mockup92_3widgets.png,18007,"{}",5,2,"{""name"":""rect"",""x"":124,""y"":558,""width"":152,""height"":63}","{""widget_name"":""Button""}"
New Mockup92_3widgets.png,18007,"{}",5,3,"{""name"":""rect"",""x"":214,""y"":218,""width"":40,""height"":42}","{""widget_name"":""icon""}"
New Mockup92_3widgets.png,18007,"{}",5,4,"{""name"":""rect"",""x"":242,""y"":486,""width"":71,""height"":14}","{}"